id_registro_atendimento,fk_beneficiario,data_hora,tipo_nome,tipo_descricao
7638,33,"2025-08-01 06:04:36",Banho,"Oferecimento de banho e cuidados de higiene pessoal."
7906,107,"2025-08-01 06:26:04",Banho,"Oferecimento de banho e cuidados de higiene pessoal."
7662,345,"2025-08-01 10:06:44",Banho,"Oferecimento de banho e cuidados de higiene pessoal."
7075,127,"2025-08-01 10:13:37",Banho,"Oferecimento de banho e cuidados de higiene pessoal."
7775,131,"2025-08-01 10:45:26",Banho,"Oferecimento de banho e cuidados de higiene pessoal."
7378,2,"2025-08-01 11:58:40",Banho,"Oferecimento de banho e cuidados de higiene pessoal."
7655,166,"2025-08-01 12:02:49",Banho,"Oferecimento de banho e cuidados de higiene pessoal."
7230,191,"2025-08-01 12:39:24",Banho,"Oferecimento de banho e cuidados de higiene pessoal."
7220,283,"2025-08-01 13:09:17",Banho,"Oferecimento de banho e cuidados de higiene pessoal."
7772,131,"2025-08-01 15:04:53",Banho,"Oferecimento de banho e cuidados de higiene pessoal."
7820,335,"2025-08-01 16:23:54",Banho,"Oferecimento de banho e cuidados de higiene pessoal."
7453,164,"2025-08-01 16:34:58",Banho,"Oferecimento de banho e cuidados de higiene pessoal."
7170,188,"2025-08-01 17:22:42",Banho,"Oferecimento de banho e cuidados de higiene pessoal."
7985,322,"2025-08-01 17:34:38",Banho,"Oferecimento de banho e cuidados de higiene pessoal."
7833,14,"2025-08-01 17:57:21",Banho,"Oferecimento de banho e cuidados de higiene pessoal."
7802,339,"2025-08-01 20:00:36",Banho,"Oferecimento de banho e cuidados de higiene pessoal."
7948,243,"2025-08-01 20:28:58",Banho,"Oferecimento de banho e cuidados de higiene pessoal."
7767,331,"2025-08-02 07:46:25",Banho,"Oferecimento de banho e cuidados de higiene pessoal."
7984,161,"2025-08-02 09:44:51",Banho,"Oferecimento de banho e cuidados de higiene pessoal."
7764,326,"2025-08-02 11:16:03",Banho,"Oferecimento de banho e cuidados de higiene pessoal."
7926,39,"2025-08-02 11:35:01",Banho,"Oferecimento de banho e cuidados de higiene pessoal."
7695,247,"2025-08-02 13:38:15",Banho,"Oferecimento de banho e cuidados de higiene pessoal."
7928,252,"2025-08-02 14:10:25",Banho,"Oferecimento de banho e cuidados de higiene pessoal."
7218,289,"2025-08-02 14:24:09",Banho,"Oferecimento de banho e cuidados de higiene pessoal."
7474,121,"2025-08-02 14:46:14",Banho,"Oferecimento de banho e cuidados de higiene pessoal."
7561,329,"2025-08-02 15:39:30",Banho,"Oferecimento de banho e cuidados de higiene pessoal."
7981,200,"2025-08-02 16:00:27",Banho,"Oferecimento de banho e cuidados de higiene pessoal."
7598,40,"2025-08-02 16:36:13",Banho,"Oferecimento de banho e cuidados de higiene pessoal."
7871,92,"2025-08-02 17:15:00",Banho,"Oferecimento de banho e cuidados de higiene pessoal."
7051,250,"2025-08-02 17:48:10",Banho,"Oferecimento de banho e cuidados de higiene pessoal."
7433,13,"2025-08-02 18:29:47",Banho,"Oferecimento de banho e cuidados de higiene pessoal."
7715,295,"2025-08-02 18:48:48",Banho,"Oferecimento de banho e cuidados de higiene pessoal."
7190,308,"2025-08-02 18:53:35",Banho,"Oferecimento de banho e cuidados de higiene pessoal."
7464,172,"2025-08-02 19:53:19",Banho,"Oferecimento de banho e cuidados de higiene pessoal."
7769,115,"2025-08-02 20:01:04",Banho,"Oferecimento de banho e cuidados de higiene pessoal."
7393,141,"2025-08-03 08:14:32",Banho,"Oferecimento de banho e cuidados de higiene pessoal."
7962,85,"2025-08-03 08:42:49",Banho,"Oferecimento de banho e cuidados de higiene pessoal."
7337,310,"2025-08-03 08:44:37",Banho,"Oferecimento de banho e cuidados de higiene pessoal."
7173,176,"2025-08-03 08:49:12",Banho,"Oferecimento de banho e cuidados de higiene pessoal."
7690,90,"2025-08-03 09:17:50",Banho,"Oferecimento de banho e cuidados de higiene pessoal."
7462,9,"2025-08-03 09:41:18",Banho,"Oferecimento de banho e cuidados de higiene pessoal."
7185,221,"2025-08-03 11:09:44",Banho,"Oferecimento de banho e cuidados de higiene pessoal."
7934,117,"2025-08-03 11:52:07",Banho,"Oferecimento de banho e cuidados de higiene pessoal."
7610,123,"2025-08-03 13:51:27",Banho,"Oferecimento de banho e cuidados de higiene pessoal."
7212,222,"2025-08-03 17:53:16",Banho,"Oferecimento de banho e cuidados de higiene pessoal."
7946,235,"2025-08-03 17:53:55",Banho,"Oferecimento de banho e cuidados de higiene pessoal."
7033,8,"2025-08-03 18:04:41",Banho,"Oferecimento de banho e cuidados de higiene pessoal."
7434,24,"2025-08-03 18:12:54",Banho,"Oferecimento de banho e cuidados de higiene pessoal."
8002,262,"2025-08-03 18:28:35",Banho,"Oferecimento de banho e cuidados de higiene pessoal."
7517,342,"2025-08-03 19:00:36",Banho,"Oferecimento de banho e cuidados de higiene pessoal."
7179,244,"2025-08-03 19:37:12",Banho,"Oferecimento de banho e cuidados de higiene pessoal."
7500,19,"2025-08-03 20:26:21",Banho,"Oferecimento de banho e cuidados de higiene pessoal."
7390,290,"2025-08-03 20:27:15",Banho,"Oferecimento de banho e cuidados de higiene pessoal."
7626,105,"2025-08-03 20:43:59",Banho,"Oferecimento de banho e cuidados de higiene pessoal."
7365,329,"2025-08-04 06:35:57",Banho,"Oferecimento de banho e cuidados de higiene pessoal."
7656,110,"2025-08-04 07:44:56",Banho,"Oferecimento de banho e cuidados de higiene pessoal."
7992,25,"2025-08-04 09:00:43",Banho,"Oferecimento de banho e cuidados de higiene pessoal."
7565,116,"2025-08-04 10:02:28",Banho,"Oferecimento de banho e cuidados de higiene pessoal."
7287,22,"2025-08-04 10:55:37",Banho,"Oferecimento de banho e cuidados de higiene pessoal."
7955,91,"2025-08-04 11:10:28",Banho,"Oferecimento de banho e cuidados de higiene pessoal."
7355,100,"2025-08-04 11:46:57",Banho,"Oferecimento de banho e cuidados de higiene pessoal."
7076,203,"2025-08-04 12:01:08",Banho,"Oferecimento de banho e cuidados de higiene pessoal."
7817,297,"2025-08-04 13:27:55",Banho,"Oferecimento de banho e cuidados de higiene pessoal."
7062,109,"2025-08-04 14:08:58",Banho,"Oferecimento de banho e cuidados de higiene pessoal."
7258,270,"2025-08-04 16:51:33",Banho,"Oferecimento de banho e cuidados de higiene pessoal."
7284,259,"2025-08-04 17:16:11",Banho,"Oferecimento de banho e cuidados de higiene pessoal."
7114,347,"2025-08-04 17:44:22",Banho,"Oferecimento de banho e cuidados de higiene pessoal."
7450,328,"2025-08-04 18:00:20",Banho,"Oferecimento de banho e cuidados de higiene pessoal."
7046,311,"2025-08-04 19:10:26",Banho,"Oferecimento de banho e cuidados de higiene pessoal."
7222,292,"2025-08-04 20:13:42",Banho,"Oferecimento de banho e cuidados de higiene pessoal."
7652,254,"2025-08-05 07:54:48",Banho,"Oferecimento de banho e cuidados de higiene pessoal."
7618,350,"2025-08-05 08:45:31",Banho,"Oferecimento de banho e cuidados de higiene pessoal."
7646,330,"2025-08-05 09:53:03",Banho,"Oferecimento de banho e cuidados de higiene pessoal."
7255,253,"2025-08-05 10:08:23",Banho,"Oferecimento de banho e cuidados de higiene pessoal."
7752,139,"2025-08-05 10:27:35",Banho,"Oferecimento de banho e cuidados de higiene pessoal."
7846,216,"2025-08-05 10:31:06",Banho,"Oferecimento de banho e cuidados de higiene pessoal."
7919,5,"2025-08-05 11:30:22",Banho,"Oferecimento de banho e cuidados de higiene pessoal."
7825,44,"2025-08-05 11:47:01",Banho,"Oferecimento de banho e cuidados de higiene pessoal."
7432,318,"2025-08-05 12:33:13",Banho,"Oferecimento de banho e cuidados de higiene pessoal."
7878,237,"2025-08-05 12:35:45",Banho,"Oferecimento de banho e cuidados de higiene pessoal."
7268,77,"2025-08-05 16:40:03",Banho,"Oferecimento de banho e cuidados de higiene pessoal."
7684,236,"2025-08-05 16:52:07",Banho,"Oferecimento de banho e cuidados de higiene pessoal."
7612,270,"2025-08-05 17:11:51",Banho,"Oferecimento de banho e cuidados de higiene pessoal."
7240,293,"2025-08-05 17:24:42",Banho,"Oferecimento de banho e cuidados de higiene pessoal."
7472,186,"2025-08-05 19:10:19",Banho,"Oferecimento de banho e cuidados de higiene pessoal."
7527,230,"2025-08-05 20:26:08",Banho,"Oferecimento de banho e cuidados de higiene pessoal."
7259,145,"2025-08-06 07:06:59",Banho,"Oferecimento de banho e cuidados de higiene pessoal."
7035,14,"2025-08-06 09:42:42",Banho,"Oferecimento de banho e cuidados de higiene pessoal."
7244,64,"2025-08-06 09:47:44",Banho,"Oferecimento de banho e cuidados de higiene pessoal."
7624,257,"2025-08-06 10:44:51",Banho,"Oferecimento de banho e cuidados de higiene pessoal."
7792,52,"2025-08-06 11:19:24",Banho,"Oferecimento de banho e cuidados de higiene pessoal."
7391,245,"2025-08-06 11:30:16",Banho,"Oferecimento de banho e cuidados de higiene pessoal."
7949,186,"2025-08-06 14:18:23",Banho,"Oferecimento de banho e cuidados de higiene pessoal."
7004,334,"2025-08-06 14:38:50",Banho,"Oferecimento de banho e cuidados de higiene pessoal."
7291,345,"2025-08-06 16:11:30",Banho,"Oferecimento de banho e cuidados de higiene pessoal."
7162,211,"2025-08-06 16:41:07",Banho,"Oferecimento de banho e cuidados de higiene pessoal."
7609,187,"2025-08-06 18:26:14",Banho,"Oferecimento de banho e cuidados de higiene pessoal."
7710,296,"2025-08-06 19:16:25",Banho,"Oferecimento de banho e cuidados de higiene pessoal."
7562,203,"2025-08-06 19:27:33",Banho,"Oferecimento de banho e cuidados de higiene pessoal."
7856,90,"2025-08-06 19:27:36",Banho,"Oferecimento de banho e cuidados de higiene pessoal."
7991,135,"2025-08-06 19:29:27",Banho,"Oferecimento de banho e cuidados de higiene pessoal."
7111,288,"2025-08-06 19:31:48",Banho,"Oferecimento de banho e cuidados de higiene pessoal."
7885,52,"2025-08-06 19:47:18",Banho,"Oferecimento de banho e cuidados de higiene pessoal."
7693,347,"2025-08-06 20:50:06",Banho,"Oferecimento de banho e cuidados de higiene pessoal."
7757,18,"2025-08-06 20:57:47",Banho,"Oferecimento de banho e cuidados de higiene pessoal."
7215,320,"2025-08-07 06:18:36",Banho,"Oferecimento de banho e cuidados de higiene pessoal."
7117,189,"2025-08-07 07:33:20",Banho,"Oferecimento de banho e cuidados de higiene pessoal."
7686,169,"2025-08-07 09:05:11",Banho,"Oferecimento de banho e cuidados de higiene pessoal."
7593,192,"2025-08-07 09:07:51",Banho,"Oferecimento de banho e cuidados de higiene pessoal."
7642,89,"2025-08-07 10:48:44",Banho,"Oferecimento de banho e cuidados de higiene pessoal."
7471,150,"2025-08-07 14:13:25",Banho,"Oferecimento de banho e cuidados de higiene pessoal."
7067,202,"2025-08-07 17:16:22",Banho,"Oferecimento de banho e cuidados de higiene pessoal."
7139,350,"2025-08-07 20:06:26",Banho,"Oferecimento de banho e cuidados de higiene pessoal."
7050,87,"2025-08-08 06:15:52",Banho,"Oferecimento de banho e cuidados de higiene pessoal."
7861,80,"2025-08-08 07:06:34",Banho,"Oferecimento de banho e cuidados de higiene pessoal."
7388,314,"2025-08-08 07:51:40",Banho,"Oferecimento de banho e cuidados de higiene pessoal."
7186,66,"2025-08-08 08:51:09",Banho,"Oferecimento de banho e cuidados de higiene pessoal."
7163,86,"2025-08-08 11:14:44",Banho,"Oferecimento de banho e cuidados de higiene pessoal."
7298,346,"2025-08-08 12:29:23",Banho,"Oferecimento de banho e cuidados de higiene pessoal."
7167,228,"2025-08-08 12:49:51",Banho,"Oferecimento de banho e cuidados de higiene pessoal."
7704,51,"2025-08-08 14:46:40",Banho,"Oferecimento de banho e cuidados de higiene pessoal."
7713,18,"2025-08-08 19:10:58",Banho,"Oferecimento de banho e cuidados de higiene pessoal."
7486,321,"2025-08-08 20:01:14",Banho,"Oferecimento de banho e cuidados de higiene pessoal."
7027,200,"2025-08-09 07:01:26",Banho,"Oferecimento de banho e cuidados de higiene pessoal."
7787,141,"2025-08-09 07:40:27",Banho,"Oferecimento de banho e cuidados de higiene pessoal."
7944,43,"2025-08-09 07:55:29",Banho,"Oferecimento de banho e cuidados de higiene pessoal."
7242,329,"2025-08-09 07:56:53",Banho,"Oferecimento de banho e cuidados de higiene pessoal."
7476,314,"2025-08-09 10:41:40",Banho,"Oferecimento de banho e cuidados de higiene pessoal."
7130,261,"2025-08-09 13:46:23",Banho,"Oferecimento de banho e cuidados de higiene pessoal."
7107,226,"2025-08-09 14:54:21",Banho,"Oferecimento de banho e cuidados de higiene pessoal."
7898,231,"2025-08-09 15:12:05",Banho,"Oferecimento de banho e cuidados de higiene pessoal."
7089,251,"2025-08-09 15:51:38",Banho,"Oferecimento de banho e cuidados de higiene pessoal."
7798,143,"2025-08-09 17:43:43",Banho,"Oferecimento de banho e cuidados de higiene pessoal."
7480,282,"2025-08-09 17:55:57",Banho,"Oferecimento de banho e cuidados de higiene pessoal."
7501,95,"2025-08-09 18:06:23",Banho,"Oferecimento de banho e cuidados de higiene pessoal."
7092,21,"2025-08-09 18:37:39",Banho,"Oferecimento de banho e cuidados de higiene pessoal."
7876,325,"2025-08-09 19:53:41",Banho,"Oferecimento de banho e cuidados de higiene pessoal."
7518,322,"2025-08-09 20:08:55",Banho,"Oferecimento de banho e cuidados de higiene pessoal."
7489,79,"2025-08-09 20:26:24",Banho,"Oferecimento de banho e cuidados de higiene pessoal."
7644,150,"2025-08-09 20:30:20",Banho,"Oferecimento de banho e cuidados de higiene pessoal."
7918,171,"2025-08-09 20:32:53",Banho,"Oferecimento de banho e cuidados de higiene pessoal."
7651,201,"2025-08-09 20:44:27",Banho,"Oferecimento de banho e cuidados de higiene pessoal."
7249,261,"2025-08-10 06:35:14",Banho,"Oferecimento de banho e cuidados de higiene pessoal."
7938,3,"2025-08-10 08:55:58",Banho,"Oferecimento de banho e cuidados de higiene pessoal."
7269,215,"2025-08-10 12:05:54",Banho,"Oferecimento de banho e cuidados de higiene pessoal."
7988,27,"2025-08-10 13:56:39",Banho,"Oferecimento de banho e cuidados de higiene pessoal."
7572,335,"2025-08-10 14:52:20",Banho,"Oferecimento de banho e cuidados de higiene pessoal."
7010,146,"2025-08-10 15:03:32",Banho,"Oferecimento de banho e cuidados de higiene pessoal."
7011,47,"2025-08-10 15:05:40",Banho,"Oferecimento de banho e cuidados de higiene pessoal."
7217,139,"2025-08-10 16:06:25",Banho,"Oferecimento de banho e cuidados de higiene pessoal."
7777,226,"2025-08-10 17:34:51",Banho,"Oferecimento de banho e cuidados de higiene pessoal."
7280,253,"2025-08-10 18:36:39",Banho,"Oferecimento de banho e cuidados de higiene pessoal."
7371,142,"2025-08-10 19:28:28",Banho,"Oferecimento de banho e cuidados de higiene pessoal."
7664,122,"2025-08-10 19:31:15",Banho,"Oferecimento de banho e cuidados de higiene pessoal."
7226,113,"2025-08-10 20:02:33",Banho,"Oferecimento de banho e cuidados de higiene pessoal."
7509,244,"2025-08-10 20:11:52",Banho,"Oferecimento de banho e cuidados de higiene pessoal."
7377,60,"2025-08-11 06:20:10",Banho,"Oferecimento de banho e cuidados de higiene pessoal."
7286,166,"2025-08-11 07:20:31",Banho,"Oferecimento de banho e cuidados de higiene pessoal."
7161,92,"2025-08-11 09:47:40",Banho,"Oferecimento de banho e cuidados de higiene pessoal."
7907,304,"2025-08-11 10:54:44",Banho,"Oferecimento de banho e cuidados de higiene pessoal."
7152,145,"2025-08-11 12:03:52",Banho,"Oferecimento de banho e cuidados de higiene pessoal."
7105,119,"2025-08-11 14:29:11",Banho,"Oferecimento de banho e cuidados de higiene pessoal."
7461,196,"2025-08-11 16:23:40",Banho,"Oferecimento de banho e cuidados de higiene pessoal."
7692,251,"2025-08-11 16:31:14",Banho,"Oferecimento de banho e cuidados de higiene pessoal."
7755,197,"2025-08-11 17:57:14",Banho,"Oferecimento de banho e cuidados de higiene pessoal."
7605,341,"2025-08-11 18:07:38",Banho,"Oferecimento de banho e cuidados de higiene pessoal."
7730,183,"2025-08-11 20:14:58",Banho,"Oferecimento de banho e cuidados de higiene pessoal."
7488,130,"2025-08-12 06:06:24",Banho,"Oferecimento de banho e cuidados de higiene pessoal."
7030,350,"2025-08-12 06:55:11",Banho,"Oferecimento de banho e cuidados de higiene pessoal."
7722,39,"2025-08-12 07:39:14",Banho,"Oferecimento de banho e cuidados de higiene pessoal."
7513,167,"2025-08-12 09:18:09",Banho,"Oferecimento de banho e cuidados de higiene pessoal."
7032,8,"2025-08-12 10:47:16",Banho,"Oferecimento de banho e cuidados de higiene pessoal."
7830,343,"2025-08-12 11:46:21",Banho,"Oferecimento de banho e cuidados de higiene pessoal."
7865,349,"2025-08-12 15:24:27",Banho,"Oferecimento de banho e cuidados de higiene pessoal."
7265,305,"2025-08-12 16:32:50",Banho,"Oferecimento de banho e cuidados de higiene pessoal."
7293,318,"2025-08-12 17:42:08",Banho,"Oferecimento de banho e cuidados de higiene pessoal."
7044,25,"2025-08-12 18:41:11",Banho,"Oferecimento de banho e cuidados de higiene pessoal."
7016,38,"2025-08-12 19:20:19",Banho,"Oferecimento de banho e cuidados de higiene pessoal."
7350,280,"2025-08-12 20:08:44",Banho,"Oferecimento de banho e cuidados de higiene pessoal."
7406,189,"2025-08-12 20:50:12",Banho,"Oferecimento de banho e cuidados de higiene pessoal."
7251,329,"2025-08-13 06:50:05",Banho,"Oferecimento de banho e cuidados de higiene pessoal."
7492,83,"2025-08-13 08:49:55",Banho,"Oferecimento de banho e cuidados de higiene pessoal."
7751,230,"2025-08-13 08:53:17",Banho,"Oferecimento de banho e cuidados de higiene pessoal."
7369,325,"2025-08-13 09:53:24",Banho,"Oferecimento de banho e cuidados de higiene pessoal."
7221,96,"2025-08-13 10:06:58",Banho,"Oferecimento de banho e cuidados de higiene pessoal."
7702,94,"2025-08-13 10:42:50",Banho,"Oferecimento de banho e cuidados de higiene pessoal."
7803,279,"2025-08-13 11:54:48",Banho,"Oferecimento de banho e cuidados de higiene pessoal."
7071,150,"2025-08-13 12:46:03",Banho,"Oferecimento de banho e cuidados de higiene pessoal."
7342,242,"2025-08-13 14:36:12",Banho,"Oferecimento de banho e cuidados de higiene pessoal."
7977,314,"2025-08-13 15:17:01",Banho,"Oferecimento de banho e cuidados de higiene pessoal."
7921,340,"2025-08-13 15:56:16",Banho,"Oferecimento de banho e cuidados de higiene pessoal."
7150,35,"2025-08-13 16:14:36",Banho,"Oferecimento de banho e cuidados de higiene pessoal."
7807,245,"2025-08-13 16:40:43",Banho,"Oferecimento de banho e cuidados de higiene pessoal."
7200,329,"2025-08-13 17:14:21",Banho,"Oferecimento de banho e cuidados de higiene pessoal."
7208,235,"2025-08-13 18:10:03",Banho,"Oferecimento de banho e cuidados de higiene pessoal."
7499,130,"2025-08-13 19:05:16",Banho,"Oferecimento de banho e cuidados de higiene pessoal."
7343,128,"2025-08-14 06:10:04",Banho,"Oferecimento de banho e cuidados de higiene pessoal."
7491,207,"2025-08-14 07:08:28",Banho,"Oferecimento de banho e cuidados de higiene pessoal."
7169,16,"2025-08-14 07:20:07",Banho,"Oferecimento de banho e cuidados de higiene pessoal."
7950,220,"2025-08-14 07:33:40",Banho,"Oferecimento de banho e cuidados de higiene pessoal."
7689,60,"2025-08-14 08:44:29",Banho,"Oferecimento de banho e cuidados de higiene pessoal."
7385,226,"2025-08-14 11:13:39",Banho,"Oferecimento de banho e cuidados de higiene pessoal."
7891,52,"2025-08-14 11:28:33",Banho,"Oferecimento de banho e cuidados de higiene pessoal."
7447,24,"2025-08-14 11:42:26",Banho,"Oferecimento de banho e cuidados de higiene pessoal."
7446,275,"2025-08-14 13:10:12",Banho,"Oferecimento de banho e cuidados de higiene pessoal."
7585,124,"2025-08-14 15:53:33",Banho,"Oferecimento de banho e cuidados de higiene pessoal."
7213,62,"2025-08-14 16:22:31",Banho,"Oferecimento de banho e cuidados de higiene pessoal."
7943,25,"2025-08-14 17:06:43",Banho,"Oferecimento de banho e cuidados de higiene pessoal."
7183,102,"2025-08-14 17:10:07",Banho,"Oferecimento de banho e cuidados de higiene pessoal."
7971,294,"2025-08-14 17:26:09",Banho,"Oferecimento de banho e cuidados de higiene pessoal."
7203,156,"2025-08-14 17:26:36",Banho,"Oferecimento de banho e cuidados de higiene pessoal."
7184,142,"2025-08-14 18:05:25",Banho,"Oferecimento de banho e cuidados de higiene pessoal."
7813,218,"2025-08-14 18:29:27",Banho,"Oferecimento de banho e cuidados de higiene pessoal."
7553,74,"2025-08-14 20:41:11",Banho,"Oferecimento de banho e cuidados de higiene pessoal."
7968,191,"2025-08-15 06:14:57",Banho,"Oferecimento de banho e cuidados de higiene pessoal."
7636,163,"2025-08-15 08:01:15",Banho,"Oferecimento de banho e cuidados de higiene pessoal."
7881,246,"2025-08-15 08:32:31",Banho,"Oferecimento de banho e cuidados de higiene pessoal."
7901,305,"2025-08-15 09:15:53",Banho,"Oferecimento de banho e cuidados de higiene pessoal."
7400,282,"2025-08-15 09:24:20",Banho,"Oferecimento de banho e cuidados de higiene pessoal."
7382,9,"2025-08-15 09:26:24",Banho,"Oferecimento de banho e cuidados de higiene pessoal."
7425,300,"2025-08-15 13:20:13",Banho,"Oferecimento de banho e cuidados de higiene pessoal."
7809,128,"2025-08-15 14:02:20",Banho,"Oferecimento de banho e cuidados de higiene pessoal."
7093,159,"2025-08-15 14:04:38",Banho,"Oferecimento de banho e cuidados de higiene pessoal."
7256,234,"2025-08-15 18:11:29",Banho,"Oferecimento de banho e cuidados de higiene pessoal."
7449,168,"2025-08-15 18:15:47",Banho,"Oferecimento de banho e cuidados de higiene pessoal."
7828,190,"2025-08-15 18:20:08",Banho,"Oferecimento de banho e cuidados de higiene pessoal."
7108,75,"2025-08-15 20:58:07",Banho,"Oferecimento de banho e cuidados de higiene pessoal."
7118,64,"2025-08-16 06:31:52",Banho,"Oferecimento de banho e cuidados de higiene pessoal."
7717,288,"2025-08-16 06:33:22",Banho,"Oferecimento de banho e cuidados de higiene pessoal."
7822,143,"2025-08-16 06:42:19",Banho,"Oferecimento de banho e cuidados de higiene pessoal."
7897,34,"2025-08-16 06:44:02",Banho,"Oferecimento de banho e cuidados de higiene pessoal."
7613,213,"2025-08-16 07:03:25",Banho,"Oferecimento de banho e cuidados de higiene pessoal."
7357,341,"2025-08-16 08:26:33",Banho,"Oferecimento de banho e cuidados de higiene pessoal."
7379,14,"2025-08-16 08:48:26",Banho,"Oferecimento de banho e cuidados de higiene pessoal."
7309,47,"2025-08-16 08:50:54",Banho,"Oferecimento de banho e cuidados de higiene pessoal."
7745,98,"2025-08-16 09:46:07",Banho,"Oferecimento de banho e cuidados de higiene pessoal."
7987,3,"2025-08-16 11:39:50",Banho,"Oferecimento de banho e cuidados de higiene pessoal."
7367,109,"2025-08-16 12:05:37",Banho,"Oferecimento de banho e cuidados de higiene pessoal."
7836,345,"2025-08-16 12:36:20",Banho,"Oferecimento de banho e cuidados de higiene pessoal."
7348,187,"2025-08-16 12:42:58",Banho,"Oferecimento de banho e cuidados de higiene pessoal."
7077,221,"2025-08-16 13:23:08",Banho,"Oferecimento de banho e cuidados de higiene pessoal."
7448,180,"2025-08-16 13:23:59",Banho,"Oferecimento de banho e cuidados de higiene pessoal."
7735,85,"2025-08-16 13:37:35",Banho,"Oferecimento de banho e cuidados de higiene pessoal."
7823,57,"2025-08-16 13:58:52",Banho,"Oferecimento de banho e cuidados de higiene pessoal."
7917,26,"2025-08-16 15:27:26",Banho,"Oferecimento de banho e cuidados de higiene pessoal."
7366,134,"2025-08-16 15:31:51",Banho,"Oferecimento de banho e cuidados de higiene pessoal."
7335,185,"2025-08-16 17:03:21",Banho,"Oferecimento de banho e cuidados de higiene pessoal."
7048,70,"2025-08-16 17:14:45",Banho,"Oferecimento de banho e cuidados de higiene pessoal."
7252,318,"2025-08-16 17:30:50",Banho,"Oferecimento de banho e cuidados de higiene pessoal."
7951,220,"2025-08-16 18:02:27",Banho,"Oferecimento de banho e cuidados de higiene pessoal."
7872,41,"2025-08-16 18:08:43",Banho,"Oferecimento de banho e cuidados de higiene pessoal."
7924,60,"2025-08-16 18:31:06",Banho,"Oferecimento de banho e cuidados de higiene pessoal."
7178,229,"2025-08-16 18:48:37",Banho,"Oferecimento de banho e cuidados de higiene pessoal."
7307,202,"2025-08-16 19:16:25",Banho,"Oferecimento de banho e cuidados de higiene pessoal."
7845,349,"2025-08-16 19:49:29",Banho,"Oferecimento de banho e cuidados de higiene pessoal."
7147,237,"2025-08-16 20:46:26",Banho,"Oferecimento de banho e cuidados de higiene pessoal."
7542,207,"2025-08-17 06:06:25",Banho,"Oferecimento de banho e cuidados de higiene pessoal."
7782,55,"2025-08-17 07:10:42",Banho,"Oferecimento de banho e cuidados de higiene pessoal."
7374,39,"2025-08-17 07:39:59",Banho,"Oferecimento de banho e cuidados de higiene pessoal."
7997,2,"2025-08-17 08:32:20",Banho,"Oferecimento de banho e cuidados de higiene pessoal."
7261,203,"2025-08-17 09:37:52",Banho,"Oferecimento de banho e cuidados de higiene pessoal."
7558,166,"2025-08-17 10:02:04",Banho,"Oferecimento de banho e cuidados de higiene pessoal."
7346,321,"2025-08-17 10:11:44",Banho,"Oferecimento de banho e cuidados de higiene pessoal."
7793,143,"2025-08-17 10:58:18",Banho,"Oferecimento de banho e cuidados de higiene pessoal."
7734,70,"2025-08-17 11:03:51",Banho,"Oferecimento de banho e cuidados de higiene pessoal."
7057,50,"2025-08-17 12:40:16",Banho,"Oferecimento de banho e cuidados de higiene pessoal."
7551,121,"2025-08-17 12:54:11",Banho,"Oferecimento de banho e cuidados de higiene pessoal."
7454,176,"2025-08-17 13:09:13",Banho,"Oferecimento de banho e cuidados de higiene pessoal."
7410,323,"2025-08-17 13:35:31",Banho,"Oferecimento de banho e cuidados de higiene pessoal."
7736,113,"2025-08-17 13:47:22",Banho,"Oferecimento de banho e cuidados de higiene pessoal."
7386,260,"2025-08-17 13:51:19",Banho,"Oferecimento de banho e cuidados de higiene pessoal."
7869,125,"2025-08-17 14:19:24",Banho,"Oferecimento de banho e cuidados de higiene pessoal."
7581,160,"2025-08-17 14:25:50",Banho,"Oferecimento de banho e cuidados de higiene pessoal."
7545,315,"2025-08-17 14:53:44",Banho,"Oferecimento de banho e cuidados de higiene pessoal."
7336,19,"2025-08-17 15:37:45",Banho,"Oferecimento de banho e cuidados de higiene pessoal."
7182,34,"2025-08-17 16:01:42",Banho,"Oferecimento de banho e cuidados de higiene pessoal."
7074,68,"2025-08-17 16:09:22",Banho,"Oferecimento de banho e cuidados de higiene pessoal."
7271,267,"2025-08-17 16:50:04",Banho,"Oferecimento de banho e cuidados de higiene pessoal."
7125,288,"2025-08-17 17:10:11",Banho,"Oferecimento de banho e cuidados de higiene pessoal."
7290,94,"2025-08-17 17:30:57",Banho,"Oferecimento de banho e cuidados de higiene pessoal."
7009,107,"2025-08-17 18:00:15",Banho,"Oferecimento de banho e cuidados de higiene pessoal."
7279,195,"2025-08-17 20:50:37",Banho,"Oferecimento de banho e cuidados de higiene pessoal."
7724,327,"2025-08-18 06:12:28",Banho,"Oferecimento de banho e cuidados de higiene pessoal."
7806,125,"2025-08-18 06:41:30",Banho,"Oferecimento de banho e cuidados de higiene pessoal."
7235,311,"2025-08-18 09:39:47",Banho,"Oferecimento de banho e cuidados de higiene pessoal."
7516,185,"2025-08-18 10:07:55",Banho,"Oferecimento de banho e cuidados de higiene pessoal."
7172,137,"2025-08-18 12:34:31",Banho,"Oferecimento de banho e cuidados de higiene pessoal."
7588,7,"2025-08-18 13:23:02",Banho,"Oferecimento de banho e cuidados de higiene pessoal."
7437,94,"2025-08-18 13:50:01",Banho,"Oferecimento de banho e cuidados de higiene pessoal."
7925,50,"2025-08-18 14:52:50",Banho,"Oferecimento de banho e cuidados de higiene pessoal."
7349,113,"2025-08-18 15:10:09",Banho,"Oferecimento de banho e cuidados de higiene pessoal."
7784,290,"2025-08-18 16:07:23",Banho,"Oferecimento de banho e cuidados de higiene pessoal."
7579,152,"2025-08-18 16:54:57",Banho,"Oferecimento de banho e cuidados de higiene pessoal."
7368,281,"2025-08-18 18:49:46",Banho,"Oferecimento de banho e cuidados de higiene pessoal."
7978,105,"2025-08-18 18:59:29",Banho,"Oferecimento de banho e cuidados de higiene pessoal."
7543,128,"2025-08-18 19:00:10",Banho,"Oferecimento de banho e cuidados de higiene pessoal."
7199,25,"2025-08-18 19:47:07",Banho,"Oferecimento de banho e cuidados de higiene pessoal."
7761,135,"2025-08-18 19:51:59",Banho,"Oferecimento de banho e cuidados de higiene pessoal."
7376,126,"2025-08-18 20:40:31",Banho,"Oferecimento de banho e cuidados de higiene pessoal."
7383,48,"2025-08-19 07:38:35",Banho,"Oferecimento de banho e cuidados de higiene pessoal."
7402,95,"2025-08-19 09:17:19",Banho,"Oferecimento de banho e cuidados de higiene pessoal."
7270,228,"2025-08-19 10:26:47",Banho,"Oferecimento de banho e cuidados de higiene pessoal."
7324,310,"2025-08-19 11:04:40",Banho,"Oferecimento de banho e cuidados de higiene pessoal."
7180,89,"2025-08-19 11:13:04",Banho,"Oferecimento de banho e cuidados de higiene pessoal."
7637,217,"2025-08-19 12:22:53",Banho,"Oferecimento de banho e cuidados de higiene pessoal."
7416,256,"2025-08-19 13:42:36",Banho,"Oferecimento de banho e cuidados de higiene pessoal."
7530,198,"2025-08-19 16:54:18",Banho,"Oferecimento de banho e cuidados de higiene pessoal."
7189,316,"2025-08-19 17:28:04",Banho,"Oferecimento de banho e cuidados de higiene pessoal."
7334,226,"2025-08-19 17:34:25",Banho,"Oferecimento de banho e cuidados de higiene pessoal."
7879,262,"2025-08-19 20:15:46",Banho,"Oferecimento de banho e cuidados de higiene pessoal."
7628,350,"2025-08-19 20:59:00",Banho,"Oferecimento de banho e cuidados de higiene pessoal."
7785,56,"2025-08-20 06:19:15",Banho,"Oferecimento de banho e cuidados de higiene pessoal."
7381,301,"2025-08-20 07:17:22",Banho,"Oferecimento de banho e cuidados de higiene pessoal."
7851,314,"2025-08-20 07:22:27",Banho,"Oferecimento de banho e cuidados de higiene pessoal."
7850,51,"2025-08-20 08:22:02",Banho,"Oferecimento de banho e cuidados de higiene pessoal."
7175,127,"2025-08-20 08:55:25",Banho,"Oferecimento de banho e cuidados de higiene pessoal."
7231,341,"2025-08-20 09:11:23",Banho,"Oferecimento de banho e cuidados de higiene pessoal."
7468,333,"2025-08-20 09:21:27",Banho,"Oferecimento de banho e cuidados de higiene pessoal."
7815,84,"2025-08-20 09:57:23",Banho,"Oferecimento de banho e cuidados de higiene pessoal."
7277,254,"2025-08-20 10:29:13",Banho,"Oferecimento de banho e cuidados de higiene pessoal."
7680,19,"2025-08-20 11:55:17",Banho,"Oferecimento de banho e cuidados de higiene pessoal."
7892,184,"2025-08-20 12:14:51",Banho,"Oferecimento de banho e cuidados de higiene pessoal."
7332,82,"2025-08-20 12:23:59",Banho,"Oferecimento de banho e cuidados de higiene pessoal."
7884,196,"2025-08-20 12:55:39",Banho,"Oferecimento de banho e cuidados de higiene pessoal."
7956,101,"2025-08-20 13:34:14",Banho,"Oferecimento de banho e cuidados de higiene pessoal."
7209,135,"2025-08-20 14:52:35",Banho,"Oferecimento de banho e cuidados de higiene pessoal."
7055,80,"2025-08-20 15:37:17",Banho,"Oferecimento de banho e cuidados de higiene pessoal."
7756,13,"2025-08-20 16:07:08",Banho,"Oferecimento de banho e cuidados de higiene pessoal."
7697,74,"2025-08-20 17:39:18",Banho,"Oferecimento de banho e cuidados de higiene pessoal."
7942,240,"2025-08-20 17:41:50",Banho,"Oferecimento de banho e cuidados de higiene pessoal."
7308,343,"2025-08-20 18:31:53",Banho,"Oferecimento de banho e cuidados de higiene pessoal."
7338,50,"2025-08-20 18:38:59",Banho,"Oferecimento de banho e cuidados de higiene pessoal."
7862,223,"2025-08-20 20:06:16",Banho,"Oferecimento de banho e cuidados de higiene pessoal."
7353,121,"2025-08-20 20:14:51",Banho,"Oferecimento de banho e cuidados de higiene pessoal."
7113,327,"2025-08-20 20:25:01",Banho,"Oferecimento de banho e cuidados de higiene pessoal."
7503,306,"2025-08-20 20:50:26",Banho,"Oferecimento de banho e cuidados de higiene pessoal."
7914,322,"2025-08-20 20:57:58",Banho,"Oferecimento de banho e cuidados de higiene pessoal."
7020,270,"2025-08-21 06:32:19",Banho,"Oferecimento de banho e cuidados de higiene pessoal."
7024,314,"2025-08-21 07:28:16",Banho,"Oferecimento de banho e cuidados de higiene pessoal."
7571,146,"2025-08-21 08:41:59",Banho,"Oferecimento de banho e cuidados de higiene pessoal."
7174,163,"2025-08-21 08:59:59",Banho,"Oferecimento de banho e cuidados de higiene pessoal."
7708,16,"2025-08-21 09:03:06",Banho,"Oferecimento de banho e cuidados de higiene pessoal."
7829,137,"2025-08-21 09:31:16",Banho,"Oferecimento de banho e cuidados de higiene pessoal."
7660,296,"2025-08-21 13:34:27",Banho,"Oferecimento de banho e cuidados de higiene pessoal."
7731,105,"2025-08-21 14:33:08",Banho,"Oferecimento de banho e cuidados de higiene pessoal."
7866,112,"2025-08-21 15:16:09",Banho,"Oferecimento de banho e cuidados de higiene pessoal."
7318,237,"2025-08-21 15:19:51",Banho,"Oferecimento de banho e cuidados de higiene pessoal."
7495,316,"2025-08-21 15:41:32",Banho,"Oferecimento de banho e cuidados de higiene pessoal."
7805,258,"2025-08-21 17:18:35",Banho,"Oferecimento de banho e cuidados de higiene pessoal."
7398,31,"2025-08-21 18:01:58",Banho,"Oferecimento de banho e cuidados de higiene pessoal."
7663,146,"2025-08-21 19:17:40",Banho,"Oferecimento de banho e cuidados de higiene pessoal."
7827,319,"2025-08-21 19:50:39",Banho,"Oferecimento de banho e cuidados de higiene pessoal."
7591,117,"2025-08-21 20:04:50",Banho,"Oferecimento de banho e cuidados de higiene pessoal."
7534,207,"2025-08-21 20:31:10",Banho,"Oferecimento de banho e cuidados de higiene pessoal."
7036,218,"2025-08-21 20:47:01",Banho,"Oferecimento de banho e cuidados de higiene pessoal."
7428,257,"2025-08-22 06:32:42",Banho,"Oferecimento de banho e cuidados de higiene pessoal."
7061,15,"2025-08-22 07:21:37",Banho,"Oferecimento de banho e cuidados de higiene pessoal."
7154,11,"2025-08-22 09:27:39",Banho,"Oferecimento de banho e cuidados de higiene pessoal."
7299,109,"2025-08-22 13:31:28",Banho,"Oferecimento de banho e cuidados de higiene pessoal."
7103,347,"2025-08-22 13:51:04",Banho,"Oferecimento de banho e cuidados de higiene pessoal."
7289,136,"2025-08-22 14:00:00",Banho,"Oferecimento de banho e cuidados de higiene pessoal."
7935,91,"2025-08-22 14:42:26",Banho,"Oferecimento de banho e cuidados de higiene pessoal."
7228,272,"2025-08-22 16:30:32",Banho,"Oferecimento de banho e cuidados de higiene pessoal."
7079,101,"2025-08-22 17:06:27",Banho,"Oferecimento de banho e cuidados de higiene pessoal."
7959,304,"2025-08-22 18:02:22",Banho,"Oferecimento de banho e cuidados de higiene pessoal."
7877,126,"2025-08-22 18:44:32",Banho,"Oferecimento de banho e cuidados de higiene pessoal."
8003,7,"2025-08-22 18:49:22",Banho,"Oferecimento de banho e cuidados de higiene pessoal."
7927,182,"2025-08-22 18:55:21",Banho,"Oferecimento de banho e cuidados de higiene pessoal."
7137,81,"2025-08-23 06:16:03",Banho,"Oferecimento de banho e cuidados de higiene pessoal."
7421,76,"2025-08-23 08:25:22",Banho,"Oferecimento de banho e cuidados de higiene pessoal."
7314,167,"2025-08-23 08:56:23",Banho,"Oferecimento de banho e cuidados de higiene pessoal."
7665,335,"2025-08-23 09:23:41",Banho,"Oferecimento de banho e cuidados de higiene pessoal."
7129,209,"2025-08-23 09:51:26",Banho,"Oferecimento de banho e cuidados de higiene pessoal."
7843,247,"2025-08-23 11:02:03",Banho,"Oferecimento de banho e cuidados de higiene pessoal."
7858,328,"2025-08-23 12:43:36",Banho,"Oferecimento de banho e cuidados de higiene pessoal."
7743,54,"2025-08-23 12:44:05",Banho,"Oferecimento de banho e cuidados de higiene pessoal."
7603,299,"2025-08-23 13:07:38",Banho,"Oferecimento de banho e cuidados de higiene pessoal."
7116,234,"2025-08-23 18:17:13",Banho,"Oferecimento de banho e cuidados de higiene pessoal."
7427,284,"2025-08-23 20:37:50",Banho,"Oferecimento de banho e cuidados de higiene pessoal."
7739,9,"2025-08-24 06:28:49",Banho,"Oferecimento de banho e cuidados de higiene pessoal."
7194,10,"2025-08-24 06:33:54",Banho,"Oferecimento de banho e cuidados de higiene pessoal."
7913,58,"2025-08-24 09:59:04",Banho,"Oferecimento de banho e cuidados de higiene pessoal."
7930,154,"2025-08-24 10:05:57",Banho,"Oferecimento de banho e cuidados de higiene pessoal."
7599,198,"2025-08-24 10:08:48",Banho,"Oferecimento de banho e cuidados de higiene pessoal."
7584,111,"2025-08-24 10:48:27",Banho,"Oferecimento de banho e cuidados de higiene pessoal."
7895,190,"2025-08-24 11:32:19",Banho,"Oferecimento de banho e cuidados de higiene pessoal."
7123,21,"2025-08-24 12:19:49",Banho,"Oferecimento de banho e cuidados de higiene pessoal."
7431,321,"2025-08-24 12:21:39",Banho,"Oferecimento de banho e cuidados de higiene pessoal."
7483,297,"2025-08-24 13:03:36",Banho,"Oferecimento de banho e cuidados de higiene pessoal."
7870,322,"2025-08-24 13:15:19",Banho,"Oferecimento de banho e cuidados de higiene pessoal."
7989,30,"2025-08-24 14:52:15",Banho,"Oferecimento de banho e cuidados de higiene pessoal."
7771,199,"2025-08-24 16:34:03",Banho,"Oferecimento de banho e cuidados de higiene pessoal."
7022,94,"2025-08-24 16:50:03",Banho,"Oferecimento de banho e cuidados de higiene pessoal."
7121,228,"2025-08-24 17:17:02",Banho,"Oferecimento de banho e cuidados de higiene pessoal."
7800,48,"2025-08-24 17:20:36",Banho,"Oferecimento de banho e cuidados de higiene pessoal."
7821,303,"2025-08-24 18:13:50",Banho,"Oferecimento de banho e cuidados de higiene pessoal."
7049,119,"2025-08-24 20:38:04",Banho,"Oferecimento de banho e cuidados de higiene pessoal."
7141,80,"2025-08-25 06:28:07",Banho,"Oferecimento de banho e cuidados de higiene pessoal."
7017,170,"2025-08-25 06:34:40",Banho,"Oferecimento de banho e cuidados de higiene pessoal."
7478,134,"2025-08-25 06:46:02",Banho,"Oferecimento de banho e cuidados de higiene pessoal."
7039,295,"2025-08-25 07:16:29",Banho,"Oferecimento de banho e cuidados de higiene pessoal."
7922,252,"2025-08-25 07:49:46",Banho,"Oferecimento de banho e cuidados de higiene pessoal."
7313,294,"2025-08-25 09:24:59",Banho,"Oferecimento de banho e cuidados de higiene pessoal."
7069,143,"2025-08-25 09:30:18",Banho,"Oferecimento de banho e cuidados de higiene pessoal."
7384,119,"2025-08-25 10:31:46",Banho,"Oferecimento de banho e cuidados de higiene pessoal."
7015,74,"2025-08-25 12:27:11",Banho,"Oferecimento de banho e cuidados de higiene pessoal."
7608,120,"2025-08-25 13:51:51",Banho,"Oferecimento de banho e cuidados de higiene pessoal."
7473,50,"2025-08-25 14:58:47",Banho,"Oferecimento de banho e cuidados de higiene pessoal."
7322,226,"2025-08-25 15:25:11",Banho,"Oferecimento de banho e cuidados de higiene pessoal."
7124,300,"2025-08-25 15:31:10",Banho,"Oferecimento de banho e cuidados de higiene pessoal."
7412,98,"2025-08-25 17:50:30",Banho,"Oferecimento de banho e cuidados de higiene pessoal."
7060,344,"2025-08-25 19:17:59",Banho,"Oferecimento de banho e cuidados de higiene pessoal."
7096,103,"2025-08-25 20:02:42",Banho,"Oferecimento de banho e cuidados de higiene pessoal."
7547,124,"2025-08-25 20:42:57",Banho,"Oferecimento de banho e cuidados de higiene pessoal."
7327,40,"2025-08-26 06:22:43",Banho,"Oferecimento de banho e cuidados de higiene pessoal."
7975,92,"2025-08-26 06:39:09",Banho,"Oferecimento de banho e cuidados de higiene pessoal."
7533,251,"2025-08-26 07:12:26",Banho,"Oferecimento de banho e cuidados de higiene pessoal."
7844,115,"2025-08-26 07:27:22",Banho,"Oferecimento de banho e cuidados de higiene pessoal."
7099,255,"2025-08-26 07:45:43",Banho,"Oferecimento de banho e cuidados de higiene pessoal."
7181,129,"2025-08-26 09:17:48",Banho,"Oferecimento de banho e cuidados de higiene pessoal."
7714,165,"2025-08-26 09:33:48",Banho,"Oferecimento de banho e cuidados de higiene pessoal."
7960,322,"2025-08-26 10:44:29",Banho,"Oferecimento de banho e cuidados de higiene pessoal."
7134,254,"2025-08-26 12:44:51",Banho,"Oferecimento de banho e cuidados de higiene pessoal."
7840,238,"2025-08-26 16:11:49",Banho,"Oferecimento de banho e cuidados de higiene pessoal."
7312,79,"2025-08-26 17:03:13",Banho,"Oferecimento de banho e cuidados de higiene pessoal."
7263,342,"2025-08-26 18:01:48",Banho,"Oferecimento de banho e cuidados de higiene pessoal."
7301,273,"2025-08-26 19:49:21",Banho,"Oferecimento de banho e cuidados de higiene pessoal."
7356,210,"2025-08-26 20:38:41",Banho,"Oferecimento de banho e cuidados de higiene pessoal."
7916,141,"2025-08-26 20:44:55",Banho,"Oferecimento de banho e cuidados de higiene pessoal."
7867,107,"2025-08-27 09:35:43",Banho,"Oferecimento de banho e cuidados de higiene pessoal."
7586,333,"2025-08-27 11:23:40",Banho,"Oferecimento de banho e cuidados de higiene pessoal."
7668,40,"2025-08-27 11:53:15",Banho,"Oferecimento de banho e cuidados de higiene pessoal."
7294,23,"2025-08-27 14:12:54",Banho,"Oferecimento de banho e cuidados de higiene pessoal."
7131,125,"2025-08-27 14:44:42",Banho,"Oferecimento de banho e cuidados de higiene pessoal."
7094,173,"2025-08-27 18:24:55",Banho,"Oferecimento de banho e cuidados de higiene pessoal."
7159,197,"2025-08-27 19:45:27",Banho,"Oferecimento de banho e cuidados de higiene pessoal."
7607,171,"2025-08-27 19:48:52",Banho,"Oferecimento de banho e cuidados de higiene pessoal."
7223,186,"2025-08-27 19:59:49",Banho,"Oferecimento de banho e cuidados de higiene pessoal."
7600,60,"2025-08-27 20:14:14",Banho,"Oferecimento de banho e cuidados de higiene pessoal."
7363,14,"2025-08-27 20:22:48",Banho,"Oferecimento de banho e cuidados de higiene pessoal."
7216,257,"2025-08-28 06:19:15",Banho,"Oferecimento de banho e cuidados de higiene pessoal."
7641,216,"2025-08-28 10:04:07",Banho,"Oferecimento de banho e cuidados de higiene pessoal."
7779,69,"2025-08-28 10:25:27",Banho,"Oferecimento de banho e cuidados de higiene pessoal."
7929,135,"2025-08-28 11:56:02",Banho,"Oferecimento de banho e cuidados de higiene pessoal."
7413,302,"2025-08-28 12:15:03",Banho,"Oferecimento de banho e cuidados de higiene pessoal."
7140,76,"2025-08-28 13:29:22",Banho,"Oferecimento de banho e cuidados de higiene pessoal."
7812,157,"2025-08-28 14:36:28",Banho,"Oferecimento de banho e cuidados de higiene pessoal."
7438,115,"2025-08-28 14:59:21",Banho,"Oferecimento de banho e cuidados de higiene pessoal."
7880,88,"2025-08-28 15:05:51",Banho,"Oferecimento de banho e cuidados de higiene pessoal."
7273,149,"2025-08-28 15:20:39",Banho,"Oferecimento de banho e cuidados de higiene pessoal."
7770,18,"2025-08-28 16:05:19",Banho,"Oferecimento de banho e cuidados de higiene pessoal."
7358,212,"2025-08-28 17:31:17",Banho,"Oferecimento de banho e cuidados de higiene pessoal."
7700,184,"2025-08-28 18:36:23",Banho,"Oferecimento de banho e cuidados de higiene pessoal."
7029,39,"2025-08-28 19:09:58",Banho,"Oferecimento de banho e cuidados de higiene pessoal."
7849,89,"2025-08-28 19:43:30",Banho,"Oferecimento de banho e cuidados de higiene pessoal."
7297,121,"2025-08-28 20:16:13",Banho,"Oferecimento de banho e cuidados de higiene pessoal."
7597,90,"2025-08-28 20:27:10",Banho,"Oferecimento de banho e cuidados de higiene pessoal."
7818,272,"2025-08-28 20:54:00",Banho,"Oferecimento de banho e cuidados de higiene pessoal."
7749,147,"2025-08-29 06:57:00",Banho,"Oferecimento de banho e cuidados de higiene pessoal."
7765,190,"2025-08-29 07:57:58",Banho,"Oferecimento de banho e cuidados de higiene pessoal."
7246,250,"2025-08-29 12:27:40",Banho,"Oferecimento de banho e cuidados de higiene pessoal."
7995,1,"2025-08-29 14:32:49",Banho,"Oferecimento de banho e cuidados de higiene pessoal."
7102,260,"2025-08-29 16:32:42",Banho,"Oferecimento de banho e cuidados de higiene pessoal."
7292,202,"2025-08-29 17:44:37",Banho,"Oferecimento de banho e cuidados de higiene pessoal."
7300,67,"2025-08-29 17:50:52",Banho,"Oferecimento de banho e cuidados de higiene pessoal."
7128,329,"2025-08-29 19:23:07",Banho,"Oferecimento de banho e cuidados de higiene pessoal."
7569,341,"2025-08-30 06:21:54",Banho,"Oferecimento de banho e cuidados de higiene pessoal."
7098,11,"2025-08-30 06:33:55",Banho,"Oferecimento de banho e cuidados de higiene pessoal."
7038,63,"2025-08-30 09:42:12",Banho,"Oferecimento de banho e cuidados de higiene pessoal."
7417,29,"2025-08-30 11:00:50",Banho,"Oferecimento de banho e cuidados de higiene pessoal."
7563,110,"2025-08-30 11:03:34",Banho,"Oferecimento de banho e cuidados de higiene pessoal."
7908,333,"2025-08-30 12:03:10",Banho,"Oferecimento de banho e cuidados de higiene pessoal."
7632,46,"2025-08-30 13:25:56",Banho,"Oferecimento de banho e cuidados de higiene pessoal."
7493,328,"2025-08-30 13:50:47",Banho,"Oferecimento de banho e cuidados de higiene pessoal."
7760,310,"2025-08-30 14:06:36",Banho,"Oferecimento de banho e cuidados de higiene pessoal."
7068,346,"2025-08-30 14:25:21",Banho,"Oferecimento de banho e cuidados de higiene pessoal."
7362,207,"2025-08-30 14:30:20",Banho,"Oferecimento de banho e cuidados de higiene pessoal."
7395,266,"2025-08-30 14:48:36",Banho,"Oferecimento de banho e cuidados de higiene pessoal."
7657,115,"2025-08-30 16:06:59",Banho,"Oferecimento de banho e cuidados de higiene pessoal."
7470,336,"2025-08-30 16:14:50",Banho,"Oferecimento de banho e cuidados de higiene pessoal."
7536,208,"2025-08-30 16:21:14",Banho,"Oferecimento de banho e cuidados de higiene pessoal."
7467,311,"2025-08-30 16:24:19",Banho,"Oferecimento de banho e cuidados de higiene pessoal."
7993,61,"2025-08-30 16:50:03",Banho,"Oferecimento de banho e cuidados de higiene pessoal."
7333,305,"2025-08-30 16:56:10",Banho,"Oferecimento de banho e cuidados de higiene pessoal."
7671,168,"2025-08-30 17:07:33",Banho,"Oferecimento de banho e cuidados de higiene pessoal."
7528,150,"2025-08-30 17:27:28",Banho,"Oferecimento de banho e cuidados de higiene pessoal."
7799,81,"2025-08-30 17:38:52",Banho,"Oferecimento de banho e cuidados de higiene pessoal."
7905,347,"2025-08-30 19:10:46",Banho,"Oferecimento de banho e cuidados de higiene pessoal."
7801,295,"2025-08-30 19:19:33",Banho,"Oferecimento de banho e cuidados de higiene pessoal."
7026,69,"2025-08-30 19:46:24",Banho,"Oferecimento de banho e cuidados de higiene pessoal."
7205,221,"2025-08-30 20:18:57",Banho,"Oferecimento de banho e cuidados de higiene pessoal."
7786,37,"2025-08-31 06:28:55",Banho,"Oferecimento de banho e cuidados de higiene pessoal."
7983,142,"2025-08-31 06:48:00",Banho,"Oferecimento de banho e cuidados de higiene pessoal."
7354,225,"2025-08-31 08:34:54",Banho,"Oferecimento de banho e cuidados de higiene pessoal."
7546,182,"2025-08-31 09:04:07",Banho,"Oferecimento de banho e cuidados de higiene pessoal."
7615,229,"2025-08-31 09:23:56",Banho,"Oferecimento de banho e cuidados de higiene pessoal."
7389,308,"2025-08-31 10:16:50",Banho,"Oferecimento de banho e cuidados de higiene pessoal."
7912,43,"2025-08-31 10:21:03",Banho,"Oferecimento de banho e cuidados de higiene pessoal."
7773,266,"2025-08-31 12:22:19",Banho,"Oferecimento de banho e cuidados de higiene pessoal."
7654,139,"2025-08-31 12:48:55",Banho,"Oferecimento de banho e cuidados de higiene pessoal."
7788,339,"2025-08-31 18:30:54",Banho,"Oferecimento de banho e cuidados de higiene pessoal."
7104,52,"2025-08-31 20:36:37",Banho,"Oferecimento de banho e cuidados de higiene pessoal."
